{"cameraMode":{"drawMode":0,"name":"Shaded","section":"Shading Mode"},"sceneLighting":false,"audioPlay":false,"sceneViewState":{"m_AlwaysRefresh":false,"showFog":true,"showSkybox":false,"showFlares":true,"showImageEffects":true,"showParticleSystems":true,"showVisualEffectGraphs":true,"m_FxEnabled":true},"in2DMode":false,"pivot":{"x":-0.27493035793304446,"y":-21.01717758178711,"z":-15.736978530883789},"rotation":{"x":0.031474530696868899,"y":0.03597439453005791,"z":-0.0011335649760439993,"w":0.9988564848899841},"size":6.112652778625488,"orthographic":false}