{"cameraMode":{"drawMode":0,"name":"Shaded","section":"Shading Mode"},"sceneLighting":false,"audioPlay":false,"sceneViewState":{"m_AlwaysRefresh":false,"showFog":true,"showSkybox":false,"showFlares":true,"showImageEffects":true,"showParticleSystems":true,"showVisualEffectGraphs":true,"m_FxEnabled":true},"in2DMode":false,"pivot":{"x":-0.15334907174110413,"y":0.7783559560775757,"z":-0.006392955780029297},"rotation":{"x":0.7427130937576294,"y":-0.08717098832130432,"z":0.09861209988594055,"w":0.6565493941307068},"size":2.4245212078094484,"orthographic":true}